frame_id,timestamp_seconds,stage,status,yaw,pitch,roll,face_width_px,detected_hands,errors,image_path,roi_dir
frame_0000314998ms,314.9980166666667,coarse,failed,,,,,,"Expected exactly one face passing confidence thresholds, found 0",C:\Users\mail\work\ikiikimake\outputs\makeup0922\frames\frame_0000314998ms.png,C:\Users\mail\work\ikiikimake\outputs\makeup0922\rois\frame_0000314998ms
frame_0000315499ms,315.49851666666666,refined,needs_review,0.7315139304991685,0.46196599182906695,0.5189520001588249,583.6707029847701,0,,C:\Users\mail\work\ikiikimake\outputs\makeup0922\frames\frame_0000315499ms.png,C:\Users\mail\work\ikiikimake\outputs\makeup0922\rois\frame_0000315499ms
frame_0000315999ms,315.9990166666667,coarse,needs_review,0.7798165685993342,0.2972969039862716,0.6281998375833744,581.8882227178917,0,,C:\Users\mail\work\ikiikimake\outputs\makeup0922\frames\frame_0000315999ms.png,C:\Users\mail\work\ikiikimake\outputs\makeup0922\rois\frame_0000315999ms
frame_0000316500ms,316.4995166666667,refined,needs_review,0.7134669972466157,0.6510518697711054,0.712490014731339,580.9901186825139,0,,C:\Users\mail\work\ikiikimake\outputs\makeup0922\frames\frame_0000316500ms.png,C:\Users\mail\work\ikiikimake\outputs\makeup0922\rois\frame_0000316500ms
frame_0000317000ms,317.0000166666667,coarse,needs_review,1.0341629047472638,-0.0040466701944768145,0.6131629726394461,581.8640618853118,0,,C:\Users\mail\work\ikiikimake\outputs\makeup0922\frames\frame_0000317000ms.png,C:\Users\mail\work\ikiikimake\outputs\makeup0922\rois\frame_0000317000ms
frame_0000318001ms,318.00101666666666,coarse,needs_review,0.7214897530418843,0.08167613190223239,0.8666998888233352,579.6842731472515,0,,C:\Users\mail\work\ikiikimake\outputs\makeup0922\frames\frame_0000318001ms.png,C:\Users\mail\work\ikiikimake\outputs\makeup0922\rois\frame_0000318001ms
frame_0000319002ms,319.0020166666667,coarse,needs_review,0.5215150342391656,-0.26292546039983306,0.4952969032043179,582.1811913006801,0,,C:\Users\mail\work\ikiikimake\outputs\makeup0922\frames\frame_0000319002ms.png,C:\Users\mail\work\ikiikimake\outputs\makeup0922\rois\frame_0000319002ms
frame_0000320003ms,320.00301666666667,coarse,needs_review,0.816452477314119,0.18609956530742738,0.3082188526207862,582.3542196282732,0,,C:\Users\mail\work\ikiikimake\outputs\makeup0922\frames\frame_0000320003ms.png,C:\Users\mail\work\ikiikimake\outputs\makeup0922\rois\frame_0000320003ms
frame_0000321004ms,321.0040166666667,coarse,failed,25.681982757937526,4.999103016957688,5.084920858117571,536.6799944510325,0,face yaw too large: 25.7 deg (limit 25),C:\Users\mail\work\ikiikimake\outputs\makeup0922\frames\frame_0000321004ms.png,C:\Users\mail\work\ikiikimake\outputs\makeup0922\rois\frame_0000321004ms
frame_0000322005ms,322.0050166666667,coarse,needs_review,24.932025295265206,4.504381414542585,5.070959333488608,543.4549086343847,0,,C:\Users\mail\work\ikiikimake\outputs\makeup0922\frames\frame_0000322005ms.png,C:\Users\mail\work\ikiikimake\outputs\makeup0922\rois\frame_0000322005ms
frame_0000323006ms,323.0060166666667,coarse,failed,25.072388052398317,4.521927870981503,5.241094745870259,544.3413832349596,0,face yaw too large: 25.1 deg (limit 25),C:\Users\mail\work\ikiikimake\outputs\makeup0922\frames\frame_0000323006ms.png,C:\Users\mail\work\ikiikimake\outputs\makeup0922\rois\frame_0000323006ms
frame_0000324007ms,324.0070166666667,coarse,failed,25.381631168436,5.239301961041303,5.073054479187243,534.4232126888979,0,face yaw too large: 25.4 deg (limit 25),C:\Users\mail\work\ikiikimake\outputs\makeup0922\frames\frame_0000324007ms.png,C:\Users\mail\work\ikiikimake\outputs\makeup0922\rois\frame_0000324007ms
frame_0000325008ms,325.00801666666666,coarse,needs_review,-23.672651844669616,2.9256445455657722,-3.4115519543359967,576.4479847440978,0,,C:\Users\mail\work\ikiikimake\outputs\makeup0922\frames\frame_0000325008ms.png,C:\Users\mail\work\ikiikimake\outputs\makeup0922\rois\frame_0000325008ms
frame_0000325992ms,325.99233333333336,coarse,needs_review,-23.994215885223465,1.8643738359777464,-2.9444686488746403,580.8852043866939,0,,C:\Users\mail\work\ikiikimake\outputs\makeup0922\frames\frame_0000325992ms.png,C:\Users\mail\work\ikiikimake\outputs\makeup0922\rois\frame_0000325992ms
frame_0000326993ms,326.99333333333334,coarse,needs_review,-23.218079361906053,1.7764635420745865,-2.991978623592592,581.5694032671579,0,,C:\Users\mail\work\ikiikimake\outputs\makeup0922\frames\frame_0000326993ms.png,C:\Users\mail\work\ikiikimake\outputs\makeup0922\rois\frame_0000326993ms
frame_0000327994ms,327.9943333333334,coarse,needs_review,-22.965877377657588,1.9914279872419367,-3.2329025904863857,580.4132097430411,0,,C:\Users\mail\work\ikiikimake\outputs\makeup0922\frames\frame_0000327994ms.png,C:\Users\mail\work\ikiikimake\outputs\makeup0922\rois\frame_0000327994ms
frame_0000328995ms,328.99533333333335,coarse,failed,,,,,,"Expected exactly one face passing confidence thresholds, found 2",C:\Users\mail\work\ikiikimake\outputs\makeup0922\frames\frame_0000328995ms.png,C:\Users\mail\work\ikiikimake\outputs\makeup0922\rois\frame_0000328995ms
frame_0000329996ms,329.9963333333333,coarse,failed,,,,,,"Expected exactly one face passing confidence thresholds, found 2",C:\Users\mail\work\ikiikimake\outputs\makeup0922\frames\frame_0000329996ms.png,C:\Users\mail\work\ikiikimake\outputs\makeup0922\rois\frame_0000329996ms
frame_0000330997ms,330.99733333333336,coarse,needs_review,5.1338839324818615,2.3581123253640692,-0.9953528821990634,440.11206670723027,1,,C:\Users\mail\work\ikiikimake\outputs\makeup0922\frames\frame_0000330997ms.png,C:\Users\mail\work\ikiikimake\outputs\makeup0922\rois\frame_0000330997ms
frame_0000331998ms,331.99833333333333,coarse,needs_review,-13.649125170465728,2.1840750857315108,-2.2361662481828604,421.5856419068796,0,,C:\Users\mail\work\ikiikimake\outputs\makeup0922\frames\frame_0000331998ms.png,C:\Users\mail\work\ikiikimake\outputs\makeup0922\rois\frame_0000331998ms
frame_0000332999ms,332.99933333333337,coarse,needs_review,-4.785489068364314,7.628836470812852,-2.334755226579206,439.9952335472883,0,,C:\Users\mail\work\ikiikimake\outputs\makeup0922\frames\frame_0000332999ms.png,C:\Users\mail\work\ikiikimake\outputs\makeup0922\rois\frame_0000332999ms
frame_0000334000ms,334.00033333333334,coarse,needs_review,11.409987869177693,4.164727587630052,0.4449360014767485,424.5344564800036,0,,C:\Users\mail\work\ikiikimake\outputs\makeup0922\frames\frame_0000334000ms.png,C:\Users\mail\work\ikiikimake\outputs\makeup0922\rois\frame_0000334000ms
frame_0000335001ms,335.0013333333334,coarse,needs_review,-5.742079823487808,3.3055723555431036,-7.461576518187505,446.6406419249037,0,,C:\Users\mail\work\ikiikimake\outputs\makeup0922\frames\frame_0000335001ms.png,C:\Users\mail\work\ikiikimake\outputs\makeup0922\rois\frame_0000335001ms
frame_0000336002ms,336.00233333333335,coarse,needs_review,0.5077506256141077,12.599933584890424,-6.161481138395602,440.6873986295502,0,,C:\Users\mail\work\ikiikimake\outputs\makeup0922\frames\frame_0000336002ms.png,C:\Users\mail\work\ikiikimake\outputs\makeup0922\rois\frame_0000336002ms
frame_0000337003ms,337.00333333333333,coarse,failed,,,,,,"Expected exactly one face passing confidence thresholds, found 2",C:\Users\mail\work\ikiikimake\outputs\makeup0922\frames\frame_0000337003ms.png,C:\Users\mail\work\ikiikimake\outputs\makeup0922\rois\frame_0000337003ms
frame_0000338004ms,338.00433333333336,coarse,failed,,,,,,"Expected exactly one face passing confidence thresholds, found 2",C:\Users\mail\work\ikiikimake\outputs\makeup0922\frames\frame_0000338004ms.png,C:\Users\mail\work\ikiikimake\outputs\makeup0922\rois\frame_0000338004ms
frame_0000339005ms,339.00533333333334,coarse,failed,,,,,,"Expected exactly one face passing confidence thresholds, found 0",C:\Users\mail\work\ikiikimake\outputs\makeup0922\frames\frame_0000339005ms.png,C:\Users\mail\work\ikiikimake\outputs\makeup0922\rois\frame_0000339005ms
frame_0000340006ms,340.0063333333334,coarse,failed,,,,,,"Expected exactly one face passing confidence thresholds, found 0",C:\Users\mail\work\ikiikimake\outputs\makeup0922\frames\frame_0000340006ms.png,C:\Users\mail\work\ikiikimake\outputs\makeup0922\rois\frame_0000340006ms
frame_0000341007ms,341.00733333333335,coarse,failed,,,,,,"Expected exactly one face passing confidence thresholds, found 0",C:\Users\mail\work\ikiikimake\outputs\makeup0922\frames\frame_0000341007ms.png,C:\Users\mail\work\ikiikimake\outputs\makeup0922\rois\frame_0000341007ms
frame_0000342008ms,342.0083333333333,coarse,failed,,,,,,"Expected exactly one face passing confidence thresholds, found 0",C:\Users\mail\work\ikiikimake\outputs\makeup0922\frames\frame_0000342008ms.png,C:\Users\mail\work\ikiikimake\outputs\makeup0922\rois\frame_0000342008ms
frame_0000342993ms,342.99265,coarse,failed,,,,,,"Expected exactly one face passing confidence thresholds, found 0",C:\Users\mail\work\ikiikimake\outputs\makeup0922\frames\frame_0000342993ms.png,C:\Users\mail\work\ikiikimake\outputs\makeup0922\rois\frame_0000342993ms
frame_0000343994ms,343.99365,coarse,failed,,,,,,"Expected exactly one face passing confidence thresholds, found 0",C:\Users\mail\work\ikiikimake\outputs\makeup0922\frames\frame_0000343994ms.png,C:\Users\mail\work\ikiikimake\outputs\makeup0922\rois\frame_0000343994ms
frame_0000344995ms,344.99465000000004,coarse,failed,,,,,,"Expected exactly one face passing confidence thresholds, found 0",C:\Users\mail\work\ikiikimake\outputs\makeup0922\frames\frame_0000344995ms.png,C:\Users\mail\work\ikiikimake\outputs\makeup0922\rois\frame_0000344995ms
frame_0000345996ms,345.99565,coarse,failed,,,,,,"Expected exactly one face passing confidence thresholds, found 0",C:\Users\mail\work\ikiikimake\outputs\makeup0922\frames\frame_0000345996ms.png,C:\Users\mail\work\ikiikimake\outputs\makeup0922\rois\frame_0000345996ms
frame_0000346997ms,346.99665,coarse,failed,,,,,,"Expected exactly one face passing confidence thresholds, found 0",C:\Users\mail\work\ikiikimake\outputs\makeup0922\frames\frame_0000346997ms.png,C:\Users\mail\work\ikiikimake\outputs\makeup0922\rois\frame_0000346997ms
frame_0000347998ms,347.99765,coarse,failed,,,,,,"Expected exactly one face passing confidence thresholds, found 0",C:\Users\mail\work\ikiikimake\outputs\makeup0922\frames\frame_0000347998ms.png,C:\Users\mail\work\ikiikimake\outputs\makeup0922\rois\frame_0000347998ms
frame_0000348999ms,348.99865,coarse,needs_review,1.0177615287531065,9.012103821778018,-5.330496380333101,460.6237713177744,1,,C:\Users\mail\work\ikiikimake\outputs\makeup0922\frames\frame_0000348999ms.png,C:\Users\mail\work\ikiikimake\outputs\makeup0922\rois\frame_0000348999ms
frame_0000350000ms,349.99965000000003,coarse,needs_review,0.12197052815438152,8.942609214367499,-4.655555607466902,463.7375581969105,0,,C:\Users\mail\work\ikiikimake\outputs\makeup0922\frames\frame_0000350000ms.png,C:\Users\mail\work\ikiikimake\outputs\makeup0922\rois\frame_0000350000ms
frame_0000351001ms,351.00065,coarse,needs_review,0.08957651372369957,5.997396056303685,-4.294470501868673,460.1829853891162,0,,C:\Users\mail\work\ikiikimake\outputs\makeup0922\frames\frame_0000351001ms.png,C:\Users\mail\work\ikiikimake\outputs\makeup0922\rois\frame_0000351001ms
frame_0000352002ms,352.00165000000004,coarse,needs_review,3.360527896865146,7.300647618677119,-5.940771529614511,448.2689903998879,0,,C:\Users\mail\work\ikiikimake\outputs\makeup0922\frames\frame_0000352002ms.png,C:\Users\mail\work\ikiikimake\outputs\makeup0922\rois\frame_0000352002ms
frame_0000353003ms,353.00265,coarse,needs_review,3.6873503424818175,7.341980076154406,-4.952498030208144,456.31268708399983,1,,C:\Users\mail\work\ikiikimake\outputs\makeup0922\frames\frame_0000353003ms.png,C:\Users\mail\work\ikiikimake\outputs\makeup0922\rois\frame_0000353003ms
frame_0000354004ms,354.00365,coarse,needs_review,0.39066611179638894,5.623926236620788,-7.901334517161294,452.49218857862843,0,,C:\Users\mail\work\ikiikimake\outputs\makeup0922\frames\frame_0000354004ms.png,C:\Users\mail\work\ikiikimake\outputs\makeup0922\rois\frame_0000354004ms
frame_0000355005ms,355.00465,coarse,needs_review,2.125794553158198,6.6695105831640085,-6.4945822786908405,455.11629250184285,0,,C:\Users\mail\work\ikiikimake\outputs\makeup0922\frames\frame_0000355005ms.png,C:\Users\mail\work\ikiikimake\outputs\makeup0922\rois\frame_0000355005ms
frame_0000356006ms,356.00565,coarse,needs_review,2.223823940797593,9.892349391123286,-6.910059256700553,458.64086788344116,0,,C:\Users\mail\work\ikiikimake\outputs\makeup0922\frames\frame_0000356006ms.png,C:\Users\mail\work\ikiikimake\outputs\makeup0922\rois\frame_0000356006ms
frame_0000357007ms,357.00665000000004,coarse,needs_review,-4.662688335359852,5.466984286100417,-11.05158020435578,456.8343629403492,0,,C:\Users\mail\work\ikiikimake\outputs\makeup0922\frames\frame_0000357007ms.png,C:\Users\mail\work\ikiikimake\outputs\makeup0922\rois\frame_0000357007ms
frame_0000358008ms,358.00765,coarse,needs_review,-18.61530000609596,12.31414703766899,-12.499581289617343,425.70500836941756,0,,C:\Users\mail\work\ikiikimake\outputs\makeup0922\frames\frame_0000358008ms.png,C:\Users\mail\work\ikiikimake\outputs\makeup0922\rois\frame_0000358008ms
frame_0000358992ms,358.99196666666666,coarse,needs_review,-15.179953296699665,8.826131254577671,-10.394255029985274,432.54433173759935,0,,C:\Users\mail\work\ikiikimake\outputs\makeup0922\frames\frame_0000358992ms.png,C:\Users\mail\work\ikiikimake\outputs\makeup0922\rois\frame_0000358992ms
frame_0000359993ms,359.9929666666667,coarse,needs_review,-8.559004169776225,13.98615665129117,-9.510607110797306,452.7147782108642,0,,C:\Users\mail\work\ikiikimake\outputs\makeup0922\frames\frame_0000359993ms.png,C:\Users\mail\work\ikiikimake\outputs\makeup0922\rois\frame_0000359993ms
frame_0000360994ms,360.99396666666667,coarse,needs_review,-4.425791637952822,21.88185816490887,-13.778297575659266,449.543201076203,0,,C:\Users\mail\work\ikiikimake\outputs\makeup0922\frames\frame_0000360994ms.png,C:\Users\mail\work\ikiikimake\outputs\makeup0922\rois\frame_0000360994ms
frame_0000361995ms,361.9949666666667,coarse,failed,,,,,,"Expected exactly one face passing confidence thresholds, found 2",C:\Users\mail\work\ikiikimake\outputs\makeup0922\frames\frame_0000361995ms.png,C:\Users\mail\work\ikiikimake\outputs\makeup0922\rois\frame_0000361995ms
frame_0000362996ms,362.9959666666667,coarse,failed,65.4519443159934,19.547161042421305,17.039473289004047,166.2753837470314,1,face yaw too large: 65.5 deg (limit 25),C:\Users\mail\work\ikiikimake\outputs\makeup0922\frames\frame_0000362996ms.png,C:\Users\mail\work\ikiikimake\outputs\makeup0922\rois\frame_0000362996ms
frame_0000363997ms,363.9969666666667,coarse,failed,,,,,,"Expected exactly one face passing confidence thresholds, found 2",C:\Users\mail\work\ikiikimake\outputs\makeup0922\frames\frame_0000363997ms.png,C:\Users\mail\work\ikiikimake\outputs\makeup0922\rois\frame_0000363997ms
frame_0000364998ms,364.9979666666667,coarse,failed,,,,,,"Expected exactly one face passing confidence thresholds, found 2",C:\Users\mail\work\ikiikimake\outputs\makeup0922\frames\frame_0000364998ms.png,C:\Users\mail\work\ikiikimake\outputs\makeup0922\rois\frame_0000364998ms
frame_0000365999ms,365.99896666666666,coarse,failed,-50.035571595625406,5.771276071887491,-11.683997818020767,168.37229751197182,1,face yaw too large: -50.0 deg (limit 25),C:\Users\mail\work\ikiikimake\outputs\makeup0922\frames\frame_0000365999ms.png,C:\Users\mail\work\ikiikimake\outputs\makeup0922\rois\frame_0000365999ms
frame_0000367000ms,366.9999666666667,coarse,failed,-45.04556706578279,-3.2496258489868177,-6.217867913524943,179.9374359085158,1,face yaw too large: -45.0 deg (limit 25),C:\Users\mail\work\ikiikimake\outputs\makeup0922\frames\frame_0000367000ms.png,C:\Users\mail\work\ikiikimake\outputs\makeup0922\rois\frame_0000367000ms
frame_0000368001ms,368.00096666666667,coarse,failed,,,,,,"Expected exactly one face passing confidence thresholds, found 2",C:\Users\mail\work\ikiikimake\outputs\makeup0922\frames\frame_0000368001ms.png,C:\Users\mail\work\ikiikimake\outputs\makeup0922\rois\frame_0000368001ms
frame_0000369002ms,369.00196666666665,coarse,failed,50.59238864480656,14.415504855616385,17.605688109216544,194.5044908297627,1,face yaw too large: 50.6 deg (limit 25); left_cheek: excessive clipped pixels 15.7%,C:\Users\mail\work\ikiikimake\outputs\makeup0922\frames\frame_0000369002ms.png,C:\Users\mail\work\ikiikimake\outputs\makeup0922\rois\frame_0000369002ms
frame_0000370003ms,370.0029666666667,coarse,failed,,,,,,"Expected exactly one face passing confidence thresholds, found 0",C:\Users\mail\work\ikiikimake\outputs\makeup0922\frames\frame_0000370003ms.png,C:\Users\mail\work\ikiikimake\outputs\makeup0922\rois\frame_0000370003ms
frame_0000371004ms,371.00396666666666,coarse,failed,,,,,,"Expected exactly one face passing confidence thresholds, found 2",C:\Users\mail\work\ikiikimake\outputs\makeup0922\frames\frame_0000371004ms.png,C:\Users\mail\work\ikiikimake\outputs\makeup0922\rois\frame_0000371004ms
frame_0000372005ms,372.0049666666667,coarse,failed,,,,,,"Expected exactly one face passing confidence thresholds, found 2",C:\Users\mail\work\ikiikimake\outputs\makeup0922\frames\frame_0000372005ms.png,C:\Users\mail\work\ikiikimake\outputs\makeup0922\rois\frame_0000372005ms
frame_0000373006ms,373.00596666666667,coarse,failed,-39.18062289036951,-3.2264836486607367,-8.417775275256924,179.58429866428466,2,face yaw too large: -39.2 deg (limit 25),C:\Users\mail\work\ikiikimake\outputs\makeup0922\frames\frame_0000373006ms.png,C:\Users\mail\work\ikiikimake\outputs\makeup0922\rois\frame_0000373006ms
frame_0000374007ms,374.0069666666667,coarse,needs_review,-15.45787274708791,0.11404416415412968,-6.550846962403413,413.5031278123908,1,,C:\Users\mail\work\ikiikimake\outputs\makeup0922\frames\frame_0000374007ms.png,C:\Users\mail\work\ikiikimake\outputs\makeup0922\rois\frame_0000374007ms
frame_0000375008ms,375.0079666666667,coarse,needs_review,-19.731173690656405,1.7572290821422087,-4.49107388787027,409.52848276073354,1,,C:\Users\mail\work\ikiikimake\outputs\makeup0922\frames\frame_0000375008ms.png,C:\Users\mail\work\ikiikimake\outputs\makeup0922\rois\frame_0000375008ms
frame_0000375992ms,375.9922833333334,coarse,failed,,,,,,"Expected exactly one face passing confidence thresholds, found 0",C:\Users\mail\work\ikiikimake\outputs\makeup0922\frames\frame_0000375992ms.png,C:\Users\mail\work\ikiikimake\outputs\makeup0922\rois\frame_0000375992ms
frame_0000376993ms,376.99328333333335,coarse,failed,,,,,,"Expected exactly one face passing confidence thresholds, found 0",C:\Users\mail\work\ikiikimake\outputs\makeup0922\frames\frame_0000376993ms.png,C:\Users\mail\work\ikiikimake\outputs\makeup0922\rois\frame_0000376993ms
frame_0000377494ms,377.49378333333334,refined,needs_review,-8.870539356525907,1.9835144163076632,-2.3750536367997657,549.0237067458748,1,,C:\Users\mail\work\ikiikimake\outputs\makeup0922\frames\frame_0000377494ms.png,C:\Users\mail\work\ikiikimake\outputs\makeup0922\rois\frame_0000377494ms
frame_0000377994ms,377.9942833333333,coarse,needs_review,-8.491881566139448,2.5225057039016336,-2.2979522001075874,550.4839253409097,1,,C:\Users\mail\work\ikiikimake\outputs\makeup0922\frames\frame_0000377994ms.png,C:\Users\mail\work\ikiikimake\outputs\makeup0922\rois\frame_0000377994ms
frame_0000378495ms,378.4947833333334,refined,needs_review,-8.460010954277179,2.7530519470276675,-1.9456922247788488,546.9240319959057,2,,C:\Users\mail\work\ikiikimake\outputs\makeup0922\frames\frame_0000378495ms.png,C:\Users\mail\work\ikiikimake\outputs\makeup0922\rois\frame_0000378495ms
frame_0000378995ms,378.99528333333336,coarse,needs_review,-7.991565349718512,0.23659265917216613,-3.379596074783922,536.7410314351681,1,,C:\Users\mail\work\ikiikimake\outputs\makeup0922\frames\frame_0000378995ms.png,C:\Users\mail\work\ikiikimake\outputs\makeup0922\rois\frame_0000378995ms
frame_0000379496ms,379.49578333333335,refined,failed,-6.139223122302143,-0.7456656521953595,-2.8256201433265344,540.492380936637,1,right_cheek: suspected hand occlusion 53.0% (limit 2.0%),C:\Users\mail\work\ikiikimake\outputs\makeup0922\frames\frame_0000379496ms.png,C:\Users\mail\work\ikiikimake\outputs\makeup0922\rois\frame_0000379496ms
frame_0000379996ms,379.99628333333334,coarse,needs_review,-5.241907197376412,1.7540908263871755,-3.560807990407876,552.1282117044268,0,,C:\Users\mail\work\ikiikimake\outputs\makeup0922\frames\frame_0000379996ms.png,C:\Users\mail\work\ikiikimake\outputs\makeup0922\rois\frame_0000379996ms
frame_0000380497ms,380.4967833333333,refined,failed,-3.188322428836238,1.0970859163254996,-2.897530122319289,550.9255716069096,2,left_cheek: suspected hand occlusion 8.6% (limit 2.0%); right_cheek: suspected hand occlusion 59.2% (limit 2.0%),C:\Users\mail\work\ikiikimake\outputs\makeup0922\frames\frame_0000380497ms.png,C:\Users\mail\work\ikiikimake\outputs\makeup0922\rois\frame_0000380497ms
frame_0000380997ms,380.99728333333337,coarse,failed,-0.6713658861866586,1.429704529831078,-2.7840409354239664,550.4482046988949,1,right_cheek: suspected hand occlusion 67.2% (limit 2.0%),C:\Users\mail\work\ikiikimake\outputs\makeup0922\frames\frame_0000380997ms.png,C:\Users\mail\work\ikiikimake\outputs\makeup0922\rois\frame_0000380997ms
frame_0000381998ms,381.99828333333335,coarse,failed,-0.5683462769691687,2.334850605099003,-2.194218503426731,555.2478550866977,1,right_cheek: suspected hand occlusion 49.2% (limit 2.0%),C:\Users\mail\work\ikiikimake\outputs\makeup0922\frames\frame_0000381998ms.png,C:\Users\mail\work\ikiikimake\outputs\makeup0922\rois\frame_0000381998ms
frame_0000382999ms,382.9992833333333,coarse,needs_review,-0.5995598949933698,1.1902970909793262,-0.40569325806549994,567.0834812248795,1,,C:\Users\mail\work\ikiikimake\outputs\makeup0922\frames\frame_0000382999ms.png,C:\Users\mail\work\ikiikimake\outputs\makeup0922\rois\frame_0000382999ms
frame_0000384000ms,384.00028333333336,coarse,needs_review,-1.047425463018607,-3.1983787434071402,0.5878566840313579,565.7634868916283,1,,C:\Users\mail\work\ikiikimake\outputs\makeup0922\frames\frame_0000384000ms.png,C:\Users\mail\work\ikiikimake\outputs\makeup0922\rois\frame_0000384000ms
frame_0000385001ms,385.00128333333333,coarse,needs_review,0.6899650254569162,-8.979434888781016,0.024915288890181277,570.7866287407643,1,,C:\Users\mail\work\ikiikimake\outputs\makeup0922\frames\frame_0000385001ms.png,C:\Users\mail\work\ikiikimake\outputs\makeup0922\rois\frame_0000385001ms
frame_0000386002ms,386.00228333333337,coarse,needs_review,-0.05233624637749521,-11.30648009784792,-0.3554442485865784,558.6681999969807,1,,C:\Users\mail\work\ikiikimake\outputs\makeup0922\frames\frame_0000386002ms.png,C:\Users\mail\work\ikiikimake\outputs\makeup0922\rois\frame_0000386002ms
frame_0000387003ms,387.00328333333334,coarse,needs_review,-0.648206053567089,2.659364267632893,-0.8619857302481155,563.9281914915179,1,,C:\Users\mail\work\ikiikimake\outputs\makeup0922\frames\frame_0000387003ms.png,C:\Users\mail\work\ikiikimake\outputs\makeup0922\rois\frame_0000387003ms
frame_0000388004ms,388.0042833333334,coarse,needs_review,-0.7879247466127544,2.344273004958563,-0.5220059962673379,561.9157962373836,1,,C:\Users\mail\work\ikiikimake\outputs\makeup0922\frames\frame_0000388004ms.png,C:\Users\mail\work\ikiikimake\outputs\makeup0922\rois\frame_0000388004ms
frame_0000389005ms,389.00528333333335,coarse,failed,4.193249559400854,3.5951137082313642,-0.8247468217180597,560.6960357480777,1,right_cheek: suspected hand occlusion 45.7% (limit 2.0%),C:\Users\mail\work\ikiikimake\outputs\makeup0922\frames\frame_0000389005ms.png,C:\Users\mail\work\ikiikimake\outputs\makeup0922\rois\frame_0000389005ms
frame_0000390006ms,390.00628333333333,coarse,needs_review,1.4646210106060547,2.7159398867482016,-1.5091031623672482,566.5205738414674,0,,C:\Users\mail\work\ikiikimake\outputs\makeup0922\frames\frame_0000390006ms.png,C:\Users\mail\work\ikiikimake\outputs\makeup0922\rois\frame_0000390006ms
frame_0000391007ms,391.00728333333336,coarse,needs_review,2.672319602941587,2.9033244568787766,-0.4230311179520731,564.1259154379129,1,,C:\Users\mail\work\ikiikimake\outputs\makeup0922\frames\frame_0000391007ms.png,C:\Users\mail\work\ikiikimake\outputs\makeup0922\rois\frame_0000391007ms
frame_0000392008ms,392.00828333333334,coarse,needs_review,2.140119423349267,-0.6635253732210696,0.5193181264163448,565.9315687979265,1,,C:\Users\mail\work\ikiikimake\outputs\makeup0922\frames\frame_0000392008ms.png,C:\Users\mail\work\ikiikimake\outputs\makeup0922\rois\frame_0000392008ms
frame_0000392993ms,392.99260000000004,coarse,needs_review,2.640429383126711,-1.9835940345312328,-1.332854465561521,562.9702804835439,2,,C:\Users\mail\work\ikiikimake\outputs\makeup0922\frames\frame_0000392993ms.png,C:\Users\mail\work\ikiikimake\outputs\makeup0922\rois\frame_0000392993ms
frame_0000393994ms,393.9936,coarse,needs_review,3.507212584535017,0.195009801102764,-1.1554877550701166,564.1958491676232,1,,C:\Users\mail\work\ikiikimake\outputs\makeup0922\frames\frame_0000393994ms.png,C:\Users\mail\work\ikiikimake\outputs\makeup0922\rois\frame_0000393994ms
frame_0000394995ms,394.9946,coarse,needs_review,3.1623920951994635,1.7935624908576082,-0.8882978136176412,564.6252446320891,1,,C:\Users\mail\work\ikiikimake\outputs\makeup0922\frames\frame_0000394995ms.png,C:\Users\mail\work\ikiikimake\outputs\makeup0922\rois\frame_0000394995ms
frame_0000395996ms,395.9956,coarse,failed,9.298656858570684,-3.1189789446795606,-1.8994512552617113,544.6680621579028,1,left_cheek: suspected hand occlusion 15.4% (limit 2.0%); right_cheek: suspected hand occlusion 100.0% (limit 2.0%),C:\Users\mail\work\ikiikimake\outputs\makeup0922\frames\frame_0000395996ms.png,C:\Users\mail\work\ikiikimake\outputs\makeup0922\rois\frame_0000395996ms
frame_0000396997ms,396.9966,coarse,failed,3.6276251313813317,-4.749913535346442,-1.3615634624054458,571.5509878836508,1,forehead: suspected hand occlusion 60.3% (limit 2.0%),C:\Users\mail\work\ikiikimake\outputs\makeup0922\frames\frame_0000396997ms.png,C:\Users\mail\work\ikiikimake\outputs\makeup0922\rois\frame_0000396997ms
frame_0000397998ms,397.99760000000003,coarse,failed,8.180481861436842,-3.944662585146236,-1.4475027073962667,553.7573739915836,1,right_cheek: suspected hand occlusion 100.0% (limit 2.0%),C:\Users\mail\work\ikiikimake\outputs\makeup0922\frames\frame_0000397998ms.png,C:\Users\mail\work\ikiikimake\outputs\makeup0922\rois\frame_0000397998ms
frame_0000398999ms,398.9986,coarse,needs_review,8.47420744519008,-9.358874675854402,0.942045029228241,561.6007084037034,1,,C:\Users\mail\work\ikiikimake\outputs\makeup0922\frames\frame_0000398999ms.png,C:\Users\mail\work\ikiikimake\outputs\makeup0922\rois\frame_0000398999ms
frame_0000400000ms,399.99960000000004,coarse,needs_review,5.791481836341396,-0.8319859741312332,-0.9558094821400556,565.160139887824,1,,C:\Users\mail\work\ikiikimake\outputs\makeup0922\frames\frame_0000400000ms.png,C:\Users\mail\work\ikiikimake\outputs\makeup0922\rois\frame_0000400000ms
frame_0000401001ms,401.0006,coarse,needs_review,3.375957484869691,3.446554037942957,-1.452959690450318,555.41351078057,1,,C:\Users\mail\work\ikiikimake\outputs\makeup0922\frames\frame_0000401001ms.png,C:\Users\mail\work\ikiikimake\outputs\makeup0922\rois\frame_0000401001ms
frame_0000402002ms,402.0016,coarse,needs_review,3.88557044772315,4.558376069313935,-1.0036819230555412,558.5614177688431,1,,C:\Users\mail\work\ikiikimake\outputs\makeup0922\frames\frame_0000402002ms.png,C:\Users\mail\work\ikiikimake\outputs\makeup0922\rois\frame_0000402002ms
frame_0000403003ms,403.00260000000003,coarse,failed,,,,,,"Expected exactly one face passing confidence thresholds, found 0",C:\Users\mail\work\ikiikimake\outputs\makeup0922\frames\frame_0000403003ms.png,C:\Users\mail\work\ikiikimake\outputs\makeup0922\rois\frame_0000403003ms
frame_0000404004ms,404.00359999999995,coarse,failed,,,,,,"Expected exactly one face passing confidence thresholds, found 0",C:\Users\mail\work\ikiikimake\outputs\makeup0922\frames\frame_0000404004ms.png,C:\Users\mail\work\ikiikimake\outputs\makeup0922\rois\frame_0000404004ms
frame_0000405005ms,405.00460000000004,coarse,failed,,,,,,"Expected exactly one face passing confidence thresholds, found 0",C:\Users\mail\work\ikiikimake\outputs\makeup0922\frames\frame_0000405005ms.png,C:\Users\mail\work\ikiikimake\outputs\makeup0922\rois\frame_0000405005ms
frame_0000406006ms,406.0056,coarse,needs_review,6.501244332637674,0.8518844805358216,-0.7484175825761987,561.4510550782142,2,,C:\Users\mail\work\ikiikimake\outputs\makeup0922\frames\frame_0000406006ms.png,C:\Users\mail\work\ikiikimake\outputs\makeup0922\rois\frame_0000406006ms
frame_0000407007ms,407.0066,coarse,needs_review,4.7063019936375285,1.9175738654965708,-0.9311561892729697,568.9309576773688,2,,C:\Users\mail\work\ikiikimake\outputs\makeup0922\frames\frame_0000407007ms.png,C:\Users\mail\work\ikiikimake\outputs\makeup0922\rois\frame_0000407007ms
frame_0000408008ms,408.0076,coarse,needs_review,4.857536322575815,6.062758496492636,-0.8498627268489775,569.4387334236975,2,,C:\Users\mail\work\ikiikimake\outputs\makeup0922\frames\frame_0000408008ms.png,C:\Users\mail\work\ikiikimake\outputs\makeup0922\rois\frame_0000408008ms
frame_0000408992ms,408.99191666666667,coarse,needs_review,5.208241959068341,4.431138501677,-1.1871527527096843,568.3033473192844,1,,C:\Users\mail\work\ikiikimake\outputs\makeup0922\frames\frame_0000408992ms.png,C:\Users\mail\work\ikiikimake\outputs\makeup0922\rois\frame_0000408992ms
frame_0000409993ms,409.9929166666667,coarse,needs_review,4.711541626416585,6.101325923138501,-0.9465527383280732,564.8612129033328,1,,C:\Users\mail\work\ikiikimake\outputs\makeup0922\frames\frame_0000409993ms.png,C:\Users\mail\work\ikiikimake\outputs\makeup0922\rois\frame_0000409993ms
frame_0000410994ms,410.9939166666667,coarse,needs_review,5.051825110881414,4.9859514623963275,-1.18568091907598,563.6297152002765,1,,C:\Users\mail\work\ikiikimake\outputs\makeup0922\frames\frame_0000410994ms.png,C:\Users\mail\work\ikiikimake\outputs\makeup0922\rois\frame_0000410994ms
frame_0000411995ms,411.9949166666667,coarse,failed,3.80562236504515,-6.709187851618472,-1.7178383294007546,562.4416502739967,2,left_cheek: suspected hand occlusion 59.3% (limit 2.0%),C:\Users\mail\work\ikiikimake\outputs\makeup0922\frames\frame_0000411995ms.png,C:\Users\mail\work\ikiikimake\outputs\makeup0922\rois\frame_0000411995ms
frame_0000412996ms,412.9959166666667,coarse,failed,8.550686953831756,-0.1955361182337247,0.2313928353501914,549.0320672755087,2,right_cheek: suspected hand occlusion 3.4% (limit 2.0%),C:\Users\mail\work\ikiikimake\outputs\makeup0922\frames\frame_0000412996ms.png,C:\Users\mail\work\ikiikimake\outputs\makeup0922\rois\frame_0000412996ms
frame_0000413997ms,413.99691666666666,coarse,failed,8.424274768300926,0.07635153747936815,-0.9039817785531921,551.9358663139277,2,right_cheek: suspected hand occlusion 87.8% (limit 2.0%),C:\Users\mail\work\ikiikimake\outputs\makeup0922\frames\frame_0000413997ms.png,C:\Users\mail\work\ikiikimake\outputs\makeup0922\rois\frame_0000413997ms
frame_0000414998ms,414.9979166666667,coarse,needs_review,8.235789006456672,0.7954087329699667,-1.85347488899694,553.4322247166444,2,,C:\Users\mail\work\ikiikimake\outputs\makeup0922\frames\frame_0000414998ms.png,C:\Users\mail\work\ikiikimake\outputs\makeup0922\rois\frame_0000414998ms
frame_0000415999ms,415.9989166666667,coarse,needs_review,7.709701617319574,-2.6218815890926788,-3.038644548668902,548.6343772989339,2,,C:\Users\mail\work\ikiikimake\outputs\makeup0922\frames\frame_0000415999ms.png,C:\Users\mail\work\ikiikimake\outputs\makeup0922\rois\frame_0000415999ms
frame_0000417000ms,416.9999166666667,coarse,needs_review,6.640504681890136,3.235071967066213,-2.626281570178432,559.8299929487072,2,,C:\Users\mail\work\ikiikimake\outputs\makeup0922\frames\frame_0000417000ms.png,C:\Users\mail\work\ikiikimake\outputs\makeup0922\rois\frame_0000417000ms
frame_0000418001ms,418.0009166666667,coarse,failed,6.362282847846739,8.697907468924809,-2.2936135959535853,554.4076297547017,2,right_cheek: suspected hand occlusion 61.8% (limit 2.0%),C:\Users\mail\work\ikiikimake\outputs\makeup0922\frames\frame_0000418001ms.png,C:\Users\mail\work\ikiikimake\outputs\makeup0922\rois\frame_0000418001ms
frame_0000419002ms,419.00191666666666,coarse,failed,7.105506380717741,7.908870234158026,-2.108356119207894,552.8415493132642,2,right_cheek: suspected hand occlusion 55.8% (limit 2.0%),C:\Users\mail\work\ikiikimake\outputs\makeup0922\frames\frame_0000419002ms.png,C:\Users\mail\work\ikiikimake\outputs\makeup0922\rois\frame_0000419002ms
frame_0002099998ms,2099.9979000000003,coarse,needs_review,-11.31409051875338,-1.19380145565723,-3.585036809074152,610.8738185293633,0,,C:\Users\mail\work\ikiikimake\outputs\makeup0922\frames\frame_0002099998ms.png,C:\Users\mail\work\ikiikimake\outputs\makeup0922\rois\frame_0002099998ms
frame_0002100999ms,2100.9989,coarse,needs_review,-8.799509187301613,-2.215609214915551,-3.781930969580148,622.5668526566421,1,,C:\Users\mail\work\ikiikimake\outputs\makeup0922\frames\frame_0002100999ms.png,C:\Users\mail\work\ikiikimake\outputs\makeup0922\rois\frame_0002100999ms
frame_0002102000ms,2101.9999000000003,coarse,needs_review,-10.221895068056952,-0.8372541245251526,-4.330792847301489,614.011698720824,0,,C:\Users\mail\work\ikiikimake\outputs\makeup0922\frames\frame_0002102000ms.png,C:\Users\mail\work\ikiikimake\outputs\makeup0922\rois\frame_0002102000ms
frame_0002103001ms,2103.0009,coarse,needs_review,-3.350836295667944,2.928490889439796,-5.725119577092667,598.4661157588108,0,,C:\Users\mail\work\ikiikimake\outputs\makeup0922\frames\frame_0002103001ms.png,C:\Users\mail\work\ikiikimake\outputs\makeup0922\rois\frame_0002103001ms
frame_0002104002ms,2104.0019,coarse,needs_review,-8.109660701470325,-0.47199572678107643,-2.954234695443429,618.7189929618783,0,,C:\Users\mail\work\ikiikimake\outputs\makeup0922\frames\frame_0002104002ms.png,C:\Users\mail\work\ikiikimake\outputs\makeup0922\rois\frame_0002104002ms
frame_0002105003ms,2105.0029,coarse,needs_review,-1.9520689116382337,-3.20452502039864,-5.017162681793881,631.3285740859054,0,,C:\Users\mail\work\ikiikimake\outputs\makeup0922\frames\frame_0002105003ms.png,C:\Users\mail\work\ikiikimake\outputs\makeup0922\rois\frame_0002105003ms
frame_0002106004ms,2106.0039,coarse,needs_review,-3.0838225777982977,-0.8469821647318047,-3.476416266521008,605.9477718877677,0,,C:\Users\mail\work\ikiikimake\outputs\makeup0922\frames\frame_0002106004ms.png,C:\Users\mail\work\ikiikimake\outputs\makeup0922\rois\frame_0002106004ms
frame_0002107005ms,2107.0049,coarse,needs_review,-7.324829826872593,-0.7248178558971452,-3.5525921554951023,618.4114135682465,0,,C:\Users\mail\work\ikiikimake\outputs\makeup0922\frames\frame_0002107005ms.png,C:\Users\mail\work\ikiikimake\outputs\makeup0922\rois\frame_0002107005ms
frame_0002108006ms,2108.0059,coarse,needs_review,-7.947366651317916,-1.6794303745134198,-3.726265749002237,620.9020661273078,0,,C:\Users\mail\work\ikiikimake\outputs\makeup0922\frames\frame_0002108006ms.png,C:\Users\mail\work\ikiikimake\outputs\makeup0922\rois\frame_0002108006ms
frame_0002108506ms,2108.5064,refined,needs_review,-5.9225141650759685,-1.5445957806425938,-3.1144770372177675,627.104554922864,0,,C:\Users\mail\work\ikiikimake\outputs\makeup0922\frames\frame_0002108506ms.png,C:\Users\mail\work\ikiikimake\outputs\makeup0922\rois\frame_0002108506ms
frame_0002109007ms,2109.0069000000003,coarse,needs_review,-6.145081767086905,1.9933403207275961,-1.693932099674735,619.9760258583522,0,,C:\Users\mail\work\ikiikimake\outputs\makeup0922\frames\frame_0002109007ms.png,C:\Users\mail\work\ikiikimake\outputs\makeup0922\rois\frame_0002109007ms
frame_0002109507ms,2109.5074,refined,needs_review,-3.353985127400063,0.8503937881413023,-3.485680380137133,614.0316938343183,1,,C:\Users\mail\work\ikiikimake\outputs\makeup0922\frames\frame_0002109507ms.png,C:\Users\mail\work\ikiikimake\outputs\makeup0922\rois\frame_0002109507ms
frame_0002110008ms,2110.0079,coarse,needs_review,-2.2228679910860354,-1.4725052874763016,-3.3454444405241084,635.9859711383397,1,,C:\Users\mail\work\ikiikimake\outputs\makeup0922\frames\frame_0002110008ms.png,C:\Users\mail\work\ikiikimake\outputs\makeup0922\rois\frame_0002110008ms
frame_0002110992ms,2110.992216666667,coarse,needs_review,-4.346378549879387,1.1088159203963424,-3.4969867282681855,616.9995830061986,0,,C:\Users\mail\work\ikiikimake\outputs\makeup0922\frames\frame_0002110992ms.png,C:\Users\mail\work\ikiikimake\outputs\makeup0922\rois\frame_0002110992ms
frame_0002111993ms,2111.9932166666667,coarse,needs_review,-5.659707337246743,-0.7403572644462693,-3.7970455942577646,639.5969398009744,0,,C:\Users\mail\work\ikiikimake\outputs\makeup0922\frames\frame_0002111993ms.png,C:\Users\mail\work\ikiikimake\outputs\makeup0922\rois\frame_0002111993ms
frame_0002112494ms,2112.493716666667,refined,needs_review,-3.110974016278014,-0.338887021169126,-3.302890724713078,637.1704375012708,0,,C:\Users\mail\work\ikiikimake\outputs\makeup0922\frames\frame_0002112494ms.png,C:\Users\mail\work\ikiikimake\outputs\makeup0922\rois\frame_0002112494ms
frame_0002112994ms,2112.994216666667,coarse,needs_review,1.110827822574855,0.15546653531217774,-3.9232744072867805,621.0315444360607,0,,C:\Users\mail\work\ikiikimake\outputs\makeup0922\frames\frame_0002112994ms.png,C:\Users\mail\work\ikiikimake\outputs\makeup0922\rois\frame_0002112994ms
frame_0002113495ms,2113.4947166666666,refined,needs_review,-0.3263278591882332,-0.24722687543564392,-2.9174449283224773,631.836256704957,0,,C:\Users\mail\work\ikiikimake\outputs\makeup0922\frames\frame_0002113495ms.png,C:\Users\mail\work\ikiikimake\outputs\makeup0922\rois\frame_0002113495ms
frame_0002113995ms,2113.9952166666667,coarse,needs_review,-2.8561821370563916,-0.5218785791245203,-2.9081032189169527,631.2901222211058,0,,C:\Users\mail\work\ikiikimake\outputs\makeup0922\frames\frame_0002113995ms.png,C:\Users\mail\work\ikiikimake\outputs\makeup0922\rois\frame_0002113995ms
frame_0002114996ms,2114.996216666667,coarse,needs_review,-4.081783272089925,-2.1908188090969625,-2.585198554117185,628.9946243469983,0,,C:\Users\mail\work\ikiikimake\outputs\makeup0922\frames\frame_0002114996ms.png,C:\Users\mail\work\ikiikimake\outputs\makeup0922\rois\frame_0002114996ms
frame_0002115997ms,2115.9972166666666,coarse,needs_review,-1.915767426872697,-0.8086488630381,-4.900553514099172,614.4666383961234,0,,C:\Users\mail\work\ikiikimake\outputs\makeup0922\frames\frame_0002115997ms.png,C:\Users\mail\work\ikiikimake\outputs\makeup0922\rois\frame_0002115997ms
frame_0002116998ms,2116.998216666667,coarse,needs_review,-0.3104124275360517,-1.4280841350023743,-4.992412501168397,616.6871179659358,0,,C:\Users\mail\work\ikiikimake\outputs\makeup0922\frames\frame_0002116998ms.png,C:\Users\mail\work\ikiikimake\outputs\makeup0922\rois\frame_0002116998ms
frame_0002117999ms,2117.9992166666666,coarse,needs_review,-6.608975946826881,0.3476554552078828,-3.518195353290346,612.6972694765317,1,,C:\Users\mail\work\ikiikimake\outputs\makeup0922\frames\frame_0002117999ms.png,C:\Users\mail\work\ikiikimake\outputs\makeup0922\rois\frame_0002117999ms
frame_0002119000ms,2119.000216666667,coarse,needs_review,-6.103055916735403,-2.057503584263978,-3.4168013278438587,618.4060556453477,0,,C:\Users\mail\work\ikiikimake\outputs\makeup0922\frames\frame_0002119000ms.png,C:\Users\mail\work\ikiikimake\outputs\makeup0922\rois\frame_0002119000ms
frame_0002120001ms,2120.0012166666666,coarse,needs_review,-7.27987883240223,-1.0211341477845006,-5.363191090754357,614.5998514589041,0,,C:\Users\mail\work\ikiikimake\outputs\makeup0922\frames\frame_0002120001ms.png,C:\Users\mail\work\ikiikimake\outputs\makeup0922\rois\frame_0002120001ms
frame_0002121002ms,2121.0022166666668,coarse,needs_review,-6.307021410976732,0.32232346250545546,-4.155365885397997,616.6639322951593,0,,C:\Users\mail\work\ikiikimake\outputs\makeup0922\frames\frame_0002121002ms.png,C:\Users\mail\work\ikiikimake\outputs\makeup0922\rois\frame_0002121002ms
frame_0002122003ms,2122.003216666667,coarse,needs_review,-11.956453417071284,-0.8023635798988917,-6.677776474008727,595.8294022262202,0,,C:\Users\mail\work\ikiikimake\outputs\makeup0922\frames\frame_0002122003ms.png,C:\Users\mail\work\ikiikimake\outputs\makeup0922\rois\frame_0002122003ms
frame_0002123004ms,2123.0042166666667,coarse,needs_review,-15.354917992062324,-0.8569671380705035,-7.670504255261023,590.4309360229131,0,,C:\Users\mail\work\ikiikimake\outputs\makeup0922\frames\frame_0002123004ms.png,C:\Users\mail\work\ikiikimake\outputs\makeup0922\rois\frame_0002123004ms
frame_0002124005ms,2124.005216666667,coarse,needs_review,-12.903924975888494,-3.576734483871645,-6.296343918184452,610.0975589266267,0,,C:\Users\mail\work\ikiikimake\outputs\makeup0922\frames\frame_0002124005ms.png,C:\Users\mail\work\ikiikimake\outputs\makeup0922\rois\frame_0002124005ms
frame_0002125006ms,2125.0062166666667,coarse,failed,-9.351416595697827,-3.247470291723232,-5.1788115919842115,612.4817159397423,0,left_cheek: excessive clipped pixels 27.7%; right_cheek: excessive clipped pixels 12.9%,C:\Users\mail\work\ikiikimake\outputs\makeup0922\frames\frame_0002125006ms.png,C:\Users\mail\work\ikiikimake\outputs\makeup0922\rois\frame_0002125006ms
frame_0002126007ms,2126.007216666667,coarse,failed,-5.062596104630258,-2.3740703059273693,-5.047850502028972,616.7045674791013,0,left_cheek: excessive clipped pixels 19.3%; right_cheek: excessive clipped pixels 13.5%,C:\Users\mail\work\ikiikimake\outputs\makeup0922\frames\frame_0002126007ms.png,C:\Users\mail\work\ikiikimake\outputs\makeup0922\rois\frame_0002126007ms
frame_0002127008ms,2127.0082166666666,coarse,failed,-4.96082972646873,-1.7875933292687753,-5.795064885417343,617.1568254252184,0,left_cheek: excessive clipped pixels 20.7%; right_cheek: excessive clipped pixels 22.9%,C:\Users\mail\work\ikiikimake\outputs\makeup0922\frames\frame_0002127008ms.png,C:\Users\mail\work\ikiikimake\outputs\makeup0922\rois\frame_0002127008ms
frame_0002127993ms,2127.9925333333335,coarse,failed,-17.507220703539435,-3.276711167172972,-6.7688183227174505,599.9555023087416,0,right_cheek: excessive clipped pixels 21.4%,C:\Users\mail\work\ikiikimake\outputs\makeup0922\frames\frame_0002127993ms.png,C:\Users\mail\work\ikiikimake\outputs\makeup0922\rois\frame_0002127993ms
frame_0002128994ms,2128.9935333333333,coarse,needs_review,-16.30169375978022,-0.5741813246480821,-3.6215557710401494,597.8120499629936,0,,C:\Users\mail\work\ikiikimake\outputs\makeup0922\frames\frame_0002128994ms.png,C:\Users\mail\work\ikiikimake\outputs\makeup0922\rois\frame_0002128994ms
frame_0002129995ms,2129.9945333333335,coarse,failed,-8.790324497370746,2.170917960700507,-5.316302290421205,571.9641119767385,1,right_cheek: suspected hand occlusion 72.5% (limit 2.0%),C:\Users\mail\work\ikiikimake\outputs\makeup0922\frames\frame_0002129995ms.png,C:\Users\mail\work\ikiikimake\outputs\makeup0922\rois\frame_0002129995ms
frame_0002130996ms,2130.9955333333332,coarse,needs_review,-11.549450232063728,3.4738249593645167,-4.913585475657509,575.1667075253149,1,,C:\Users\mail\work\ikiikimake\outputs\makeup0922\frames\frame_0002130996ms.png,C:\Users\mail\work\ikiikimake\outputs\makeup0922\rois\frame_0002130996ms
frame_0002131997ms,2131.996533333334,coarse,needs_review,-12.123639529083583,0.8985821760282877,-4.0956889443813775,595.4521925372873,1,,C:\Users\mail\work\ikiikimake\outputs\makeup0922\frames\frame_0002131997ms.png,C:\Users\mail\work\ikiikimake\outputs\makeup0922\rois\frame_0002131997ms
frame_0002132998ms,2132.9975333333336,coarse,needs_review,-14.709477736003594,-5.538022219569736,-4.151436100902598,598.6342311103433,0,,C:\Users\mail\work\ikiikimake\outputs\makeup0922\frames\frame_0002132998ms.png,C:\Users\mail\work\ikiikimake\outputs\makeup0922\rois\frame_0002132998ms
frame_0002133999ms,2133.9985333333334,coarse,needs_review,-14.019900178846179,-5.626362588656912,-3.6349197734887873,607.8888727684114,0,,C:\Users\mail\work\ikiikimake\outputs\makeup0922\frames\frame_0002133999ms.png,C:\Users\mail\work\ikiikimake\outputs\makeup0922\rois\frame_0002133999ms
frame_0002135000ms,2134.9995333333336,coarse,needs_review,-10.17994732015303,-2.766725043069048,-2.6766355651403417,621.0471426392695,0,,C:\Users\mail\work\ikiikimake\outputs\makeup0922\frames\frame_0002135000ms.png,C:\Users\mail\work\ikiikimake\outputs\makeup0922\rois\frame_0002135000ms
frame_0002136001ms,2136.0005333333334,coarse,needs_review,-3.38229965628078,-6.735950632899389,0.9537260071161667,622.3119089407483,0,,C:\Users\mail\work\ikiikimake\outputs\makeup0922\frames\frame_0002136001ms.png,C:\Users\mail\work\ikiikimake\outputs\makeup0922\rois\frame_0002136001ms
frame_0002137002ms,2137.0015333333336,coarse,failed,-4.086576205980375,0.1752815770356173,-2.449060132969913,619.1923119931531,1,right_cheek: suspected hand occlusion 99.2% (limit 2.0%),C:\Users\mail\work\ikiikimake\outputs\makeup0922\frames\frame_0002137002ms.png,C:\Users\mail\work\ikiikimake\outputs\makeup0922\rois\frame_0002137002ms
frame_0002138003ms,2138.0025333333333,coarse,failed,-4.364059747188736,-1.6383068441201214,-2.0319211822867485,621.5197010645772,1,right_cheek: suspected hand occlusion 84.9% (limit 2.0%),C:\Users\mail\work\ikiikimake\outputs\makeup0922\frames\frame_0002138003ms.png,C:\Users\mail\work\ikiikimake\outputs\makeup0922\rois\frame_0002138003ms
frame_0002139004ms,2139.0035333333335,coarse,failed,-3.4387643512769213,-0.8645677492780973,-3.600375928991253,610.7971357093461,1,right_cheek: suspected hand occlusion 39.0% (limit 2.0%),C:\Users\mail\work\ikiikimake\outputs\makeup0922\frames\frame_0002139004ms.png,C:\Users\mail\work\ikiikimake\outputs\makeup0922\rois\frame_0002139004ms
frame_0002140005ms,2140.0045333333333,coarse,needs_review,-3.3270886063324685,-1.4994051248954634,-2.4319576000339986,637.4507826163639,0,,C:\Users\mail\work\ikiikimake\outputs\makeup0922\frames\frame_0002140005ms.png,C:\Users\mail\work\ikiikimake\outputs\makeup0922\rois\frame_0002140005ms
frame_0002141006ms,2141.0055333333335,coarse,needs_review,-3.4053218265742897,-1.5738541023644137,-2.8973451028780253,607.1634925900752,0,,C:\Users\mail\work\ikiikimake\outputs\makeup0922\frames\frame_0002141006ms.png,C:\Users\mail\work\ikiikimake\outputs\makeup0922\rois\frame_0002141006ms
frame_0002142007ms,2142.006533333333,coarse,failed,-4.416191411406863,-2.1714307251809446,-2.7026298842803493,620.2983848237182,1,right_cheek: suspected hand occlusion 66.7% (limit 2.0%),C:\Users\mail\work\ikiikimake\outputs\makeup0922\frames\frame_0002142007ms.png,C:\Users\mail\work\ikiikimake\outputs\makeup0922\rois\frame_0002142007ms
frame_0002143008ms,2143.0075333333334,coarse,needs_review,-4.5612685481629365,-1.0944831607432304,-2.85186648892017,622.8715136395543,0,,C:\Users\mail\work\ikiikimake\outputs\makeup0922\frames\frame_0002143008ms.png,C:\Users\mail\work\ikiikimake\outputs\makeup0922\rois\frame_0002143008ms
frame_0002143992ms,2143.99185,coarse,needs_review,-5.119572726299492,-2.077882340883293,-1.7025112665482092,616.1675042877046,0,,C:\Users\mail\work\ikiikimake\outputs\makeup0922\frames\frame_0002143992ms.png,C:\Users\mail\work\ikiikimake\outputs\makeup0922\rois\frame_0002143992ms
frame_0002144492ms,2144.49235,refined,needs_review,-4.826831570290267,-1.7321487961833102,-2.287569131047835,619.440889277475,0,,C:\Users\mail\work\ikiikimake\outputs\makeup0922\frames\frame_0002144492ms.png,C:\Users\mail\work\ikiikimake\outputs\makeup0922\rois\frame_0002144492ms
frame_0002144993ms,2144.99285,coarse,needs_review,-4.681127823438727,-1.714879817523349,-2.139704930211149,618.4275503460933,0,,C:\Users\mail\work\ikiikimake\outputs\makeup0922\frames\frame_0002144993ms.png,C:\Users\mail\work\ikiikimake\outputs\makeup0922\rois\frame_0002144993ms
frame_0002145493ms,2145.49335,refined,needs_review,-4.3900924297882105,-3.377572799097573,-2.3911527860104655,619.3968281737993,0,,C:\Users\mail\work\ikiikimake\outputs\makeup0922\frames\frame_0002145493ms.png,C:\Users\mail\work\ikiikimake\outputs\makeup0922\rois\frame_0002145493ms
frame_0002145994ms,2145.9938500000003,coarse,needs_review,-4.396305415672943,-2.456406345635146,-1.9940360638412575,624.0539192296619,0,,C:\Users\mail\work\ikiikimake\outputs\makeup0922\frames\frame_0002145994ms.png,C:\Users\mail\work\ikiikimake\outputs\makeup0922\rois\frame_0002145994ms
frame_0002146995ms,2146.99485,coarse,needs_review,-4.256722731180301,-2.5403718477613375,-2.421526454328233,625.8656709535783,0,,C:\Users\mail\work\ikiikimake\outputs\makeup0922\frames\frame_0002146995ms.png,C:\Users\mail\work\ikiikimake\outputs\makeup0922\rois\frame_0002146995ms
frame_0002147996ms,2147.9958500000002,coarse,needs_review,-4.7376966686832915,-2.5521958592636347,-2.376565030595644,620.0637151980757,0,,C:\Users\mail\work\ikiikimake\outputs\makeup0922\frames\frame_0002147996ms.png,C:\Users\mail\work\ikiikimake\outputs\makeup0922\rois\frame_0002147996ms
frame_0002148997ms,2148.99685,coarse,failed,38.226081277734345,27.09338941411164,-1.8923501605497683,203.64736954954856,2,face yaw too large: 38.2 deg (limit 25); face pitch too large: 27.1 deg (limit 25),C:\Users\mail\work\ikiikimake\outputs\makeup0922\frames\frame_0002148997ms.png,C:\Users\mail\work\ikiikimake\outputs\makeup0922\rois\frame_0002148997ms
frame_0002149998ms,2149.99785,coarse,failed,,,,,,"Expected exactly one face passing confidence thresholds, found 0",C:\Users\mail\work\ikiikimake\outputs\makeup0922\frames\frame_0002149998ms.png,C:\Users\mail\work\ikiikimake\outputs\makeup0922\rois\frame_0002149998ms
frame_0002150999ms,2150.99885,coarse,failed,,,,,,"Expected exactly one face passing confidence thresholds, found 0",C:\Users\mail\work\ikiikimake\outputs\makeup0922\frames\frame_0002150999ms.png,C:\Users\mail\work\ikiikimake\outputs\makeup0922\rois\frame_0002150999ms
frame_0002152000ms,2151.99985,coarse,failed,,,,,,"Expected exactly one face passing confidence thresholds, found 2",C:\Users\mail\work\ikiikimake\outputs\makeup0922\frames\frame_0002152000ms.png,C:\Users\mail\work\ikiikimake\outputs\makeup0922\rois\frame_0002152000ms
frame_0002153001ms,2153.00085,coarse,failed,36.47512677811971,21.791264447489898,-11.745797068310337,177.71136579707868,2,face yaw too large: 36.5 deg (limit 25),C:\Users\mail\work\ikiikimake\outputs\makeup0922\frames\frame_0002153001ms.png,C:\Users\mail\work\ikiikimake\outputs\makeup0922\rois\frame_0002153001ms
frame_0002154002ms,2154.00185,coarse,failed,37.57001666009136,19.20521575177696,-11.012758107349377,167.63041127923228,2,face yaw too large: 37.6 deg (limit 25),C:\Users\mail\work\ikiikimake\outputs\makeup0922\frames\frame_0002154002ms.png,C:\Users\mail\work\ikiikimake\outputs\makeup0922\rois\frame_0002154002ms
frame_0002155003ms,2155.0028500000003,coarse,failed,,,,,,"Expected exactly one face passing confidence thresholds, found 0",C:\Users\mail\work\ikiikimake\outputs\makeup0922\frames\frame_0002155003ms.png,C:\Users\mail\work\ikiikimake\outputs\makeup0922\rois\frame_0002155003ms
frame_0002156004ms,2156.00385,coarse,failed,,,,,,"Expected exactly one face passing confidence thresholds, found 0",C:\Users\mail\work\ikiikimake\outputs\makeup0922\frames\frame_0002156004ms.png,C:\Users\mail\work\ikiikimake\outputs\makeup0922\rois\frame_0002156004ms
frame_0002157005ms,2157.0048500000003,coarse,failed,,,,,,"Expected exactly one face passing confidence thresholds, found 0",C:\Users\mail\work\ikiikimake\outputs\makeup0922\frames\frame_0002157005ms.png,C:\Users\mail\work\ikiikimake\outputs\makeup0922\rois\frame_0002157005ms
frame_0002158006ms,2158.00585,coarse,failed,,,,,,"Expected exactly one face passing confidence thresholds, found 0",C:\Users\mail\work\ikiikimake\outputs\makeup0922\frames\frame_0002158006ms.png,C:\Users\mail\work\ikiikimake\outputs\makeup0922\rois\frame_0002158006ms
frame_0002159007ms,2159.00685,coarse,failed,,,,,,"Expected exactly one face passing confidence thresholds, found 0",C:\Users\mail\work\ikiikimake\outputs\makeup0922\frames\frame_0002159007ms.png,C:\Users\mail\work\ikiikimake\outputs\makeup0922\rois\frame_0002159007ms
frame_0002160008ms,2160.00785,coarse,failed,,,,,,"Expected exactly one face passing confidence thresholds, found 0",C:\Users\mail\work\ikiikimake\outputs\makeup0922\frames\frame_0002160008ms.png,C:\Users\mail\work\ikiikimake\outputs\makeup0922\rois\frame_0002160008ms
frame_0002160992ms,2160.992166666667,coarse,failed,,,,,,"Expected exactly one face passing confidence thresholds, found 0",C:\Users\mail\work\ikiikimake\outputs\makeup0922\frames\frame_0002160992ms.png,C:\Users\mail\work\ikiikimake\outputs\makeup0922\rois\frame_0002160992ms
frame_0002161993ms,2161.9931666666666,coarse,failed,,,,,,"Expected exactly one face passing confidence thresholds, found 0",C:\Users\mail\work\ikiikimake\outputs\makeup0922\frames\frame_0002161993ms.png,C:\Users\mail\work\ikiikimake\outputs\makeup0922\rois\frame_0002161993ms
frame_0002162994ms,2162.994166666667,coarse,failed,,,,,,"Expected exactly one face passing confidence thresholds, found 0",C:\Users\mail\work\ikiikimake\outputs\makeup0922\frames\frame_0002162994ms.png,C:\Users\mail\work\ikiikimake\outputs\makeup0922\rois\frame_0002162994ms
frame_0002163495ms,2163.494666666667,refined,failed,,,,,,"Expected exactly one face passing confidence thresholds, found 0",C:\Users\mail\work\ikiikimake\outputs\makeup0922\frames\frame_0002163495ms.png,C:\Users\mail\work\ikiikimake\outputs\makeup0922\rois\frame_0002163495ms
frame_0002163995ms,2163.9951666666666,coarse,needs_review,-4.813628132732359,-0.6784294304233265,-3.5567972976550712,669.5930011221977,0,,C:\Users\mail\work\ikiikimake\outputs\makeup0922\frames\frame_0002163995ms.png,C:\Users\mail\work\ikiikimake\outputs\makeup0922\rois\frame_0002163995ms
frame_0002164496ms,2164.4956666666667,refined,needs_review,-5.392662175988122,-1.5223260983997713,-2.8156974835204447,671.6707193186793,1,,C:\Users\mail\work\ikiikimake\outputs\makeup0922\frames\frame_0002164496ms.png,C:\Users\mail\work\ikiikimake\outputs\makeup0922\rois\frame_0002164496ms
frame_0002164996ms,2164.996166666667,coarse,needs_review,-4.529378184329752,-1.1028746799570073,-2.8662242555538495,669.8990487386324,0,,C:\Users\mail\work\ikiikimake\outputs\makeup0922\frames\frame_0002164996ms.png,C:\Users\mail\work\ikiikimake\outputs\makeup0922\rois\frame_0002164996ms
frame_0002165997ms,2165.9971666666665,coarse,needs_review,-7.758929296908864,-1.8157143030943637,-2.1233801267506722,682.0407625810857,0,,C:\Users\mail\work\ikiikimake\outputs\makeup0922\frames\frame_0002165997ms.png,C:\Users\mail\work\ikiikimake\outputs\makeup0922\rois\frame_0002165997ms
frame_0002166998ms,2166.998166666667,coarse,needs_review,-8.209430257570784,-1.220891142509766,-5.168891850415608,655.1620409560443,0,,C:\Users\mail\work\ikiikimake\outputs\makeup0922\frames\frame_0002166998ms.png,C:\Users\mail\work\ikiikimake\outputs\makeup0922\rois\frame_0002166998ms
frame_0002167999ms,2167.999166666667,coarse,needs_review,-5.7346368966839645,-1.4052581109993174,-4.74075330159959,665.0241621423576,1,,C:\Users\mail\work\ikiikimake\outputs\makeup0922\frames\frame_0002167999ms.png,C:\Users\mail\work\ikiikimake\outputs\makeup0922\rois\frame_0002167999ms
frame_0002169000ms,2169.0001666666667,coarse,needs_review,-8.729426344185569,-6.276000758602542,-3.2020517903745587,659.0447342867598,0,,C:\Users\mail\work\ikiikimake\outputs\makeup0922\frames\frame_0002169000ms.png,C:\Users\mail\work\ikiikimake\outputs\makeup0922\rois\frame_0002169000ms
frame_0002170001ms,2170.001166666667,coarse,needs_review,-8.17414120858488,-4.891235345512663,-3.133122384711357,659.7803204948302,1,,C:\Users\mail\work\ikiikimake\outputs\makeup0922\frames\frame_0002170001ms.png,C:\Users\mail\work\ikiikimake\outputs\makeup0922\rois\frame_0002170001ms
frame_0002171002ms,2171.0021666666667,coarse,needs_review,-7.471932836375868,-4.16625758431639,-3.0666898269140304,665.321742284493,0,,C:\Users\mail\work\ikiikimake\outputs\makeup0922\frames\frame_0002171002ms.png,C:\Users\mail\work\ikiikimake\outputs\makeup0922\rois\frame_0002171002ms
frame_0002172003ms,2172.003166666667,coarse,needs_review,-8.22741771028945,-4.78338703948197,-3.092227662061619,665.9273665467613,0,,C:\Users\mail\work\ikiikimake\outputs\makeup0922\frames\frame_0002172003ms.png,C:\Users\mail\work\ikiikimake\outputs\makeup0922\rois\frame_0002172003ms
frame_0002173004ms,2173.0041666666666,coarse,needs_review,-6.9081188121129,-3.575262839308317,-2.1600338558413124,666.1184223012184,1,,C:\Users\mail\work\ikiikimake\outputs\makeup0922\frames\frame_0002173004ms.png,C:\Users\mail\work\ikiikimake\outputs\makeup0922\rois\frame_0002173004ms
frame_0002174005ms,2174.005166666667,coarse,needs_review,-6.886308671261206,-3.241736462399115,-1.970831887439079,666.6326107028938,0,,C:\Users\mail\work\ikiikimake\outputs\makeup0922\frames\frame_0002174005ms.png,C:\Users\mail\work\ikiikimake\outputs\makeup0922\rois\frame_0002174005ms
frame_0002175006ms,2175.0061666666666,coarse,failed,,,,,,"Expected exactly one face passing confidence thresholds, found 2",C:\Users\mail\work\ikiikimake\outputs\makeup0922\frames\frame_0002175006ms.png,C:\Users\mail\work\ikiikimake\outputs\makeup0922\rois\frame_0002175006ms
frame_0002176007ms,2176.0071666666668,coarse,failed,,,,,,"Expected exactly one face passing confidence thresholds, found 2",C:\Users\mail\work\ikiikimake\outputs\makeup0922\frames\frame_0002176007ms.png,C:\Users\mail\work\ikiikimake\outputs\makeup0922\rois\frame_0002176007ms
frame_0002177008ms,2177.008166666667,coarse,failed,,,,,,"Expected exactly one face passing confidence thresholds, found 2",C:\Users\mail\work\ikiikimake\outputs\makeup0922\frames\frame_0002177008ms.png,C:\Users\mail\work\ikiikimake\outputs\makeup0922\rois\frame_0002177008ms
frame_0002177992ms,2177.9924833333334,coarse,needs_review,-4.941152844865653,-0.8404680553123567,0.6250533626468503,512.1320755125867,0,,C:\Users\mail\work\ikiikimake\outputs\makeup0922\frames\frame_0002177992ms.png,C:\Users\mail\work\ikiikimake\outputs\makeup0922\rois\frame_0002177992ms
frame_0002178993ms,2178.9934833333336,coarse,needs_review,-5.640767850850154,-1.8015022734577728,-0.23332599850875446,515.5052702569374,0,,C:\Users\mail\work\ikiikimake\outputs\makeup0922\frames\frame_0002178993ms.png,C:\Users\mail\work\ikiikimake\outputs\makeup0922\rois\frame_0002178993ms
frame_0002179994ms,2179.9944833333334,coarse,needs_review,-15.257235406283375,13.718946385494643,-6.976798743733477,493.4321540821476,0,,C:\Users\mail\work\ikiikimake\outputs\makeup0922\frames\frame_0002179994ms.png,C:\Users\mail\work\ikiikimake\outputs\makeup0922\rois\frame_0002179994ms
frame_0002180995ms,2180.9954833333336,coarse,failed,,,,,,"Expected exactly one face passing confidence thresholds, found 0",C:\Users\mail\work\ikiikimake\outputs\makeup0922\frames\frame_0002180995ms.png,C:\Users\mail\work\ikiikimake\outputs\makeup0922\rois\frame_0002180995ms
frame_0002181996ms,2181.9964833333333,coarse,failed,-1.0643444175606493,1.249602062943023,-1.5187554214992374,813.8351993636583,0,forehead: excessive clipped pixels 10.7%,C:\Users\mail\work\ikiikimake\outputs\makeup0922\frames\frame_0002181996ms.png,C:\Users\mail\work\ikiikimake\outputs\makeup0922\rois\frame_0002181996ms
frame_0002182997ms,2182.9974833333335,coarse,failed,-1.094082125461597,2.902878569347569,-1.6601812307708976,826.0706736876085,0,forehead: excessive clipped pixels 10.9%,C:\Users\mail\work\ikiikimake\outputs\makeup0922\frames\frame_0002182997ms.png,C:\Users\mail\work\ikiikimake\outputs\makeup0922\rois\frame_0002182997ms
frame_0002183998ms,2183.9984833333333,coarse,failed,-1.0303572921000148,1.6634914093544593,-1.6152631276850733,821.2903145168538,0,forehead: excessive clipped pixels 11.0%,C:\Users\mail\work\ikiikimake\outputs\makeup0922\frames\frame_0002183998ms.png,C:\Users\mail\work\ikiikimake\outputs\makeup0922\rois\frame_0002183998ms
frame_0002184999ms,2184.9994833333335,coarse,failed,-0.7007366732162127,1.6808002563139859,-1.7068329175895096,819.384782179372,0,forehead: excessive clipped pixels 10.9%,C:\Users\mail\work\ikiikimake\outputs\makeup0922\frames\frame_0002184999ms.png,C:\Users\mail\work\ikiikimake\outputs\makeup0922\rois\frame_0002184999ms
frame_0002186000ms,2186.0004833333332,coarse,failed,,,,,,"Expected exactly one face passing confidence thresholds, found 2",C:\Users\mail\work\ikiikimake\outputs\makeup0922\frames\frame_0002186000ms.png,C:\Users\mail\work\ikiikimake\outputs\makeup0922\rois\frame_0002186000ms
frame_0002187001ms,2187.0014833333335,coarse,failed,,,,,,"Expected exactly one face passing confidence thresholds, found 2",C:\Users\mail\work\ikiikimake\outputs\makeup0922\frames\frame_0002187001ms.png,C:\Users\mail\work\ikiikimake\outputs\makeup0922\rois\frame_0002187001ms
frame_0002188002ms,2188.0024833333337,coarse,failed,,,,,,"Expected exactly one face passing confidence thresholds, found 2",C:\Users\mail\work\ikiikimake\outputs\makeup0922\frames\frame_0002188002ms.png,C:\Users\mail\work\ikiikimake\outputs\makeup0922\rois\frame_0002188002ms
frame_0002189003ms,2189.0034833333334,coarse,failed,,,,,,"Expected exactly one face passing confidence thresholds, found 2",C:\Users\mail\work\ikiikimake\outputs\makeup0922\frames\frame_0002189003ms.png,C:\Users\mail\work\ikiikimake\outputs\makeup0922\rois\frame_0002189003ms
frame_0002190004ms,2190.0044833333336,coarse,failed,,,,,,"Expected exactly one face passing confidence thresholds, found 2",C:\Users\mail\work\ikiikimake\outputs\makeup0922\frames\frame_0002190004ms.png,C:\Users\mail\work\ikiikimake\outputs\makeup0922\rois\frame_0002190004ms
frame_0002191005ms,2191.0054833333334,coarse,failed,,,,,,"Expected exactly one face passing confidence thresholds, found 2",C:\Users\mail\work\ikiikimake\outputs\makeup0922\frames\frame_0002191005ms.png,C:\Users\mail\work\ikiikimake\outputs\makeup0922\rois\frame_0002191005ms
frame_0002192006ms,2192.0064833333336,coarse,failed,,,,,,"Expected exactly one face passing confidence thresholds, found 2",C:\Users\mail\work\ikiikimake\outputs\makeup0922\frames\frame_0002192006ms.png,C:\Users\mail\work\ikiikimake\outputs\makeup0922\rois\frame_0002192006ms
frame_0002193007ms,2193.0074833333333,coarse,failed,41.58877053896061,1.655223875075498,-0.3267359774844566,205.15760875091127,1,face yaw too large: 41.6 deg (limit 25),C:\Users\mail\work\ikiikimake\outputs\makeup0922\frames\frame_0002193007ms.png,C:\Users\mail\work\ikiikimake\outputs\makeup0922\rois\frame_0002193007ms
frame_0002193992ms,2193.9918000000002,coarse,failed,,,,,,"Expected exactly one face passing confidence thresholds, found 2",C:\Users\mail\work\ikiikimake\outputs\makeup0922\frames\frame_0002193992ms.png,C:\Users\mail\work\ikiikimake\outputs\makeup0922\rois\frame_0002193992ms
frame_0002194993ms,2194.9928,coarse,failed,,,,,,"Expected exactly one face passing confidence thresholds, found 2",C:\Users\mail\work\ikiikimake\outputs\makeup0922\frames\frame_0002194993ms.png,C:\Users\mail\work\ikiikimake\outputs\makeup0922\rois\frame_0002194993ms
frame_0002195994ms,2195.9938,coarse,failed,,,,,,"Expected exactly one face passing confidence thresholds, found 2",C:\Users\mail\work\ikiikimake\outputs\makeup0922\frames\frame_0002195994ms.png,C:\Users\mail\work\ikiikimake\outputs\makeup0922\rois\frame_0002195994ms
frame_0002196995ms,2196.9948,coarse,failed,,,,,,"Expected exactly one face passing confidence thresholds, found 2",C:\Users\mail\work\ikiikimake\outputs\makeup0922\frames\frame_0002196995ms.png,C:\Users\mail\work\ikiikimake\outputs\makeup0922\rois\frame_0002196995ms
frame_0002197996ms,2197.9958,coarse,failed,,,,,,"Expected exactly one face passing confidence thresholds, found 2",C:\Users\mail\work\ikiikimake\outputs\makeup0922\frames\frame_0002197996ms.png,C:\Users\mail\work\ikiikimake\outputs\makeup0922\rois\frame_0002197996ms
frame_0002198997ms,2198.9968,coarse,failed,,,,,,"Expected exactly one face passing confidence thresholds, found 2",C:\Users\mail\work\ikiikimake\outputs\makeup0922\frames\frame_0002198997ms.png,C:\Users\mail\work\ikiikimake\outputs\makeup0922\rois\frame_0002198997ms
frame_0002199998ms,2199.9978,coarse,failed,29.923112689125023,-0.9080390386292625,-2.5380749434696352,230.546140884615,0,face yaw too large: 29.9 deg (limit 25),C:\Users\mail\work\ikiikimake\outputs\makeup0922\frames\frame_0002199998ms.png,C:\Users\mail\work\ikiikimake\outputs\makeup0922\rois\frame_0002199998ms
frame_0002200999ms,2200.9988000000003,coarse,failed,,,,,,"Expected exactly one face passing confidence thresholds, found 2",C:\Users\mail\work\ikiikimake\outputs\makeup0922\frames\frame_0002200999ms.png,C:\Users\mail\work\ikiikimake\outputs\makeup0922\rois\frame_0002200999ms
frame_0002202000ms,2201.9998000000005,coarse,failed,58.398446208120184,10.403975929466323,4.416936317262339,178.6231219968921,1,face yaw too large: 58.4 deg (limit 25),C:\Users\mail\work\ikiikimake\outputs\makeup0922\frames\frame_0002202000ms.png,C:\Users\mail\work\ikiikimake\outputs\makeup0922\rois\frame_0002202000ms
frame_0002203001ms,2203.0008000000003,coarse,failed,,,,,,"Expected exactly one face passing confidence thresholds, found 2",C:\Users\mail\work\ikiikimake\outputs\makeup0922\frames\frame_0002203001ms.png,C:\Users\mail\work\ikiikimake\outputs\makeup0922\rois\frame_0002203001ms
frame_0002204002ms,2204.0018,coarse,failed,,,,,,"Expected exactly one face passing confidence thresholds, found 2",C:\Users\mail\work\ikiikimake\outputs\makeup0922\frames\frame_0002204002ms.png,C:\Users\mail\work\ikiikimake\outputs\makeup0922\rois\frame_0002204002ms
frame_0002205003ms,2205.0028,coarse,failed,,,,,,"Expected exactly one face passing confidence thresholds, found 2",C:\Users\mail\work\ikiikimake\outputs\makeup0922\frames\frame_0002205003ms.png,C:\Users\mail\work\ikiikimake\outputs\makeup0922\rois\frame_0002205003ms
frame_0002206004ms,2206.0038,coarse,failed,,,,,,"Expected exactly one face passing confidence thresholds, found 2",C:\Users\mail\work\ikiikimake\outputs\makeup0922\frames\frame_0002206004ms.png,C:\Users\mail\work\ikiikimake\outputs\makeup0922\rois\frame_0002206004ms
frame_0002207005ms,2207.0048,coarse,failed,,,,,,"Expected exactly one face passing confidence thresholds, found 2",C:\Users\mail\work\ikiikimake\outputs\makeup0922\frames\frame_0002207005ms.png,C:\Users\mail\work\ikiikimake\outputs\makeup0922\rois\frame_0002207005ms
frame_0002208006ms,2208.0058,coarse,needs_review,-4.434925191479102,-9.022540531337757,-2.9818183518884407,417.75113718257427,0,,C:\Users\mail\work\ikiikimake\outputs\makeup0922\frames\frame_0002208006ms.png,C:\Users\mail\work\ikiikimake\outputs\makeup0922\rois\frame_0002208006ms
frame_0002208506ms,2208.5063,refined,needs_review,-3.105652330980282,-8.104106347555494,-3.4470038282342013,422.65792281664943,1,,C:\Users\mail\work\ikiikimake\outputs\makeup0922\frames\frame_0002208506ms.png,C:\Users\mail\work\ikiikimake\outputs\makeup0922\rois\frame_0002208506ms
frame_0002209007ms,2209.0068,coarse,needs_review,-7.95404158327497,0.5935369439641507,-2.9819567682395016,418.8440118869076,0,,C:\Users\mail\work\ikiikimake\outputs\makeup0922\frames\frame_0002209007ms.png,C:\Users\mail\work\ikiikimake\outputs\makeup0922\rois\frame_0002209007ms
frame_0002209507ms,2209.5073,refined,failed,-12.060372734462463,4.137477508182791,0.10021481906044918,348.84430310103204,1,right_cheek: suspected hand occlusion 100.0% (limit 2.0%),C:\Users\mail\work\ikiikimake\outputs\makeup0922\frames\frame_0002209507ms.png,C:\Users\mail\work\ikiikimake\outputs\makeup0922\rois\frame_0002209507ms
frame_0002210008ms,2210.0078000000003,coarse,failed,,,,,,"Expected exactly one face passing confidence thresholds, found 0",C:\Users\mail\work\ikiikimake\outputs\makeup0922\frames\frame_0002210008ms.png,C:\Users\mail\work\ikiikimake\outputs\makeup0922\rois\frame_0002210008ms
frame_0002210992ms,2210.992116666667,coarse,needs_review,-9.006191215331432,-1.160783591351053,-3.3534859773923253,416.9446987251874,0,,C:\Users\mail\work\ikiikimake\outputs\makeup0922\frames\frame_0002210992ms.png,C:\Users\mail\work\ikiikimake\outputs\makeup0922\rois\frame_0002210992ms
frame_0002211993ms,2211.993116666667,coarse,needs_review,-9.338588376372803,-2.57748361027405,-5.486213260894063,440.6360446454336,0,,C:\Users\mail\work\ikiikimake\outputs\makeup0922\frames\frame_0002211993ms.png,C:\Users\mail\work\ikiikimake\outputs\makeup0922\rois\frame_0002211993ms
frame_0002212994ms,2212.9941166666667,coarse,needs_review,-11.324714772137927,-1.0531582363749592,-4.219379721167994,430.24163885012365,0,,C:\Users\mail\work\ikiikimake\outputs\makeup0922\frames\frame_0002212994ms.png,C:\Users\mail\work\ikiikimake\outputs\makeup0922\rois\frame_0002212994ms
frame_0002213995ms,2213.995116666667,coarse,needs_review,-7.854852936203929,1.824674334119624,-4.60175576992888,437.15218036717573,0,,C:\Users\mail\work\ikiikimake\outputs\makeup0922\frames\frame_0002213995ms.png,C:\Users\mail\work\ikiikimake\outputs\makeup0922\rois\frame_0002213995ms
frame_0002214996ms,2214.9961166666667,coarse,failed,,,,,,"Expected exactly one face passing confidence thresholds, found 0",C:\Users\mail\work\ikiikimake\outputs\makeup0922\frames\frame_0002214996ms.png,C:\Users\mail\work\ikiikimake\outputs\makeup0922\rois\frame_0002214996ms
frame_0002215997ms,2215.997116666667,coarse,failed,,,,,,"Expected exactly one face passing confidence thresholds, found 2",C:\Users\mail\work\ikiikimake\outputs\makeup0922\frames\frame_0002215997ms.png,C:\Users\mail\work\ikiikimake\outputs\makeup0922\rois\frame_0002215997ms
frame_0002216998ms,2216.9981166666666,coarse,failed,,,,,,"Expected exactly one face passing confidence thresholds, found 2",C:\Users\mail\work\ikiikimake\outputs\makeup0922\frames\frame_0002216998ms.png,C:\Users\mail\work\ikiikimake\outputs\makeup0922\rois\frame_0002216998ms
frame_0002217999ms,2217.999116666667,coarse,failed,,,,,,"Expected exactly one face passing confidence thresholds, found 2",C:\Users\mail\work\ikiikimake\outputs\makeup0922\frames\frame_0002217999ms.png,C:\Users\mail\work\ikiikimake\outputs\makeup0922\rois\frame_0002217999ms
frame_0002219000ms,2219.0001166666666,coarse,failed,,,,,,"Expected exactly one face passing confidence thresholds, found 2",C:\Users\mail\work\ikiikimake\outputs\makeup0922\frames\frame_0002219000ms.png,C:\Users\mail\work\ikiikimake\outputs\makeup0922\rois\frame_0002219000ms
